"","bird_id","season","period","colony","age_class","sex","deploy_num","start","end","F_dives","vert_dist","av_maxdep","dive_time","av_dive_eff","av_descr","av_descr_15","na.rm","F_dives_PH","vert_dist_PH","F_dives_PHSD","vert_dist_PHSD","br_st"
"1",2802,"2016","Moult","ROYD","Old","M",1,"2017-02-01","2017-04-14",7174,797996.193940994,38.1368699828395,1035177,0.353981070701125,1.49942496822277,1.67744179996363,TRUE,4.09474885844749,455.477279646686,24.9487768758386,2775.16434212466,"Non breeder"
"2",2802,"2016","Returning migration","ROYD","Old","M",1,"2017-08-16","2017-10-31",10350,1540465.23396987,55.5465361973447,2001059,0.306099134244886,1.30711102958148,1.27211139458364,TRUE,5.60064935064935,833.585083317027,18.6201406355335,2771.36998074096,"Non breeder"
"3",2802,"2016","Outgoing migration","ROYD","Old","M",1,"2017-04-15","2017-05-31",4938,518856.847805568,37.6447470269837,698531,0.340994348729851,1.51628026559023,1.51499206129449,TRUE,4.37765957446809,459.979475004936,25.4488347689652,2674.0182641859,"Non breeder"
"4",2802,"2016","Migration max","ROYD","Old","M",1,"2017-06-01","2017-08-15",5428,506777.928421793,33.351731081922,869304,0.37101666939158,1.42716198028529,1.68236668329243,TRUE,2.97587719298246,277.838776547035,22.478672593247,2098.69107046379,"Non breeder"
"5",2802,"2018","Returning migration","ROYD","Old","M",3,"2019-08-16","2019-10-31",12099,1747745.3399,54.4282460839739,2164264,0.347193971826969,1.39423342243161,1.23176762659933,TRUE,6.54707792207792,945.74964280303,20.1252712238433,2907.16993104353,"Successful breeder"
"6",2802,"2018","Outgoing migration","ROYD","Old","M",3,"2019-04-15","2019-05-31",1035,221386.574062,20.1092081835749,347036,0.432114767589336,1.43684005536232,1.54096671348315,TRUE,0.917553191489362,196.264693317376,10.736638273839,2296.56769506103,"Successful breeder"
"7",2802,"2018","Migration max","ROYD","Old","M",3,"2019-06-01","2019-08-15",3771,538293.309942,40.6535672580217,788488,0.38993323482809,1.38931814192522,1.25151766367041,TRUE,2.06743421052632,295.116946240132,17.2172563184221,2457.68599622467,"Successful breeder"
"8",2802,"2018","Moult","ROYD","Old","M",3,"2019-02-01","2019-04-14",5267,657715.00226,26.1166857755838,983583,0.381507839513669,1.42111201935055,1.45502473689189,TRUE,3.00627853881279,375.408106312785,19.2776817004767,2407.29456297638,"Successful breeder"
"9",2802,"2018","Chick rearing","ROYD","Old","M",3,"2018-12-16","2019-01-31",8252,1451816.97267,71.020175653175,1461918,0.282639915133416,1.54808465333253,1.33781328243243,TRUE,7.31560283687943,1287.07178428191,20.3207019819169,3575.12603416334,"Successful breeder"
"10",2802,"2018","Incubation","ROYD","Old","M",3,"2018-11-24","2018-12-15",4502,386174.807926,33.4208780031097,507115,0.44448774291582,1.60925122725455,1.77246423581081,TRUE,4.16851851851852,357.569266598148,31.9596146830601,2741.44781466452,"Successful breeder"
"11",32189,"2016","Returning migration","CROZ","Middle-age","M",1,"2017-08-16","2017-10-31",9494,1548620.294942,61.0222159837792,1971292,0.364559205649939,1.65035296602064,1.46521031964286,TRUE,5.13744588744589,837.997995098485,17.3380706663447,2828.11123962924,"Failed breeder"
"12",32189,"2016","Moult","CROZ","Middle-age","M",1,"2017-02-01","2017-04-14",6036,641889.563712,27.0265334824387,1296816,0.417973556226094,1.34140653820411,1.52884350988701,TRUE,3.44520547945205,366.375321753425,16.7561165192286,1781.90462591702,"Failed breeder"
"13",32189,"2016","Migration max","CROZ","Middle-age","M",1,"2017-06-01","2017-08-15",6318,981818.283886,66.7424538429883,1189568,0.390353916009437,1.64271714468186,1.70223187389163,TRUE,3.46381578947368,538.277567919956,19.1202184322376,2971.28522454336,"Failed breeder"
"14",32189,"2016","Outgoing migration","CROZ","Middle-age","M",1,"2017-04-15","2017-05-31",610,129631.299578,28.1037852622951,228278,0.340171915429964,1.53034400901639,1.68259559069767,TRUE,0.540780141843972,114.921364874113,9.61984948177223,2044.31736076538,"Failed breeder"
"15",32189,"2018","Outgoing migration","CROZ","Middle-age","M",3,"2019-04-15","2019-05-26",547,123840.57957,21.8174624862888,191250,0.380627951205925,1.58652734259598,1.71181917142857,TRUE,0.484929078014184,109.787747845745,10.2964705882353,2331.11679190588,"Successful breeder"
"16",32189,"2018","Migration max","CROZ","Middle-age","M",3,"2019-06-07","2019-08-15",3594,779721.831732,77.9267751669449,879949,0.326968158664226,1.62390336944058,1.63898188333333,TRUE,1.97039473684211,427.479074414474,14.7035794119886,3189.95600226286,"Successful breeder"
"17",32189,"2018","Returning migration","CROZ","Middle-age","M",3,"2019-08-16","2019-10-31",10400,1661374.145222,49.7714392778846,2256411,0.360051408643645,1.51623183320192,1.36031720118343,TRUE,5.62770562770563,899.011983345238,16.5927218046712,2650.64605818674,"Successful breeder"
"18",32189,"2018","Incubation","CROZ","Middle-age","M",3,"2018-11-26","2018-12-15",1951,186745.332748,31.6353238031779,315588,0.370833541301765,1.39138973157355,1.46284606052632,TRUE,1.80648148148148,172.912345137037,22.2555990722081,2130.25589658922,"Successful breeder"
"19",32189,"2018","Moult","CROZ","Middle-age","M",3,"2019-02-01","2019-04-14",1773,288820.628198,20.3754458601241,439376,0.360501338324823,1.49435748257191,1.71178162678063,TRUE,1.01198630136986,164.851956734018,14.52696551473,2366.43390060631,"Successful breeder"
"20",32189,"2018","Chick rearing","CROZ","Middle-age","M",3,"2018-12-16","2019-01-31",5568,909944.067876,55.3511792618534,1360626,0.333633082149831,1.53851643791307,1.48271561428571,TRUE,4.93617021276596,806.68800343617,14.7320424569279,2407.56728473041,"Successful breeder"
"21",3698,"2016","Moult","ROYD","Old","M",1,"2017-02-01","2017-04-14",3874,449685.201494351,34.1524833272942,781975,0.3215828683924,1.12881633158455,1.17946938129699,TRUE,2.21118721461187,256.669635556136,17.8348412673039,2070.22823668233,"Failed breeder"
"22",3698,"2016","Migration max","ROYD","Old","M",1,"2017-06-01","2017-08-15",5907,730253.357738754,51.7158382319824,989579,0.308402091246283,1.24671238010407,1.32855081400884,TRUE,3.23848684210526,400.358200514668,21.489138310332,2656.59647977525,"Failed breeder"
"23",3698,"2016","Returning migration","ROYD","Old","M",1,"2017-08-16","2017-10-31",3469,433829.083470124,27.3599891400654,1107202,0.364463646351035,0.875745027067885,1.18355215633975,TRUE,1.8771645021645,234.755997548769,11.2792426314259,1410.56889392581,"Failed breeder"
"24",3698,"2016","Outgoing migration","ROYD","Old","M",1,"2017-04-15","2017-05-31",3582,383585.194163813,38.9560467712162,546130,0.306372374115609,1.19564745235019,1.27444953259734,TRUE,3.17553191489362,340.057796244515,23.61196052222,2528.53111711448,"Failed breeder"
"25",3698,"2018","Returning migration","ROYD","Old","M",3,"2019-08-16","2019-10-31",7242,965458.941378,40.9852047983982,1303984,0.396308295524826,1.33691609077603,1.37560561309524,TRUE,3.91883116883117,522.434492087662,19.9934968527221,2665.4101499411,"Successful breeder"
"26",3698,"2018","Migration max","ROYD","Old","M",3,"2019-06-01","2019-08-15",2765,390817.08696,45.5480313743219,504161,0.398112794768141,1.35263649414105,1.37645554603175,TRUE,1.51589912280702,214.263753815789,19.7436929869625,2790.65916057767,"Successful breeder"
"27",3698,"2018","Outgoing migration","ROYD","Old","M",3,"2019-04-15","2019-05-31",300,120003.03797,15.1071001333333,130015,0.40557851341562,1.41565057566667,1.48326187636364,TRUE,0.265957446808511,106.38567195922,8.30673383840326,3322.7776540553,"Successful breeder"
"28",3698,"2018","Chick rearing","ROYD","Old","M",3,"2018-12-16","2019-01-31",6877,804353.015354,44.5975274218409,1006915,0.353202662278426,1.43334820490039,1.48533193321678,TRUE,6.09663120567376,713.078914320922,24.5871796527016,2875.78480335917,"Successful breeder"
"29",3698,"2018","Moult","ROYD","Old","M",3,"2019-02-01","2019-04-13",6703,675091.831978,28.0130690496792,860256,0.368280807704435,1.4902048415784,1.58999073525281,TRUE,3.82591324200913,385.326388115297,28.0507197857382,2825.1248408855,"Successful breeder"
"30",3698,"2018","Incubation","ROYD","Old","M",3,"2018-12-13","2018-12-15",328,31811.334094,42.0927170426829,39314,0.321298357237721,1.37904051829268,1.3859124,TRUE,0.303703703703704,29.4549389759259,30.0351019992878,2912.97763489851,"Successful breeder"
"31",46514,"2016","Returning migration","CROZ","Old","M",1,"2017-08-16","2017-10-31",9919,1505788.780782,55.3105644893638,1885863,0.378673046914148,1.55627329317472,1.46532662557252,TRUE,5.36742424242424,814.820768821428,18.9347794617106,2874.46098195638,"Failed breeder"
"32",46514,"2016","Migration max","CROZ","Old","M",1,"2017-06-01","2017-08-15",5013,969763.001374,80.3122690404947,974145,0.313167869918667,1.6020541138839,1.27848986259542,TRUE,2.74835526315789,531.668312156798,18.525784149177,3583.80611197142,"Failed breeder"
"33",46514,"2016","Outgoing migration","CROZ","Old","M",1,"2017-04-15","2017-05-31",2974,452231.234392,48.5488628143914,549033,0.350696667103509,1.62024816153329,1.40566514011628,TRUE,2.63652482269504,400.914214886525,19.5004671850326,2965.27247690248,"Failed breeder"
"34",46514,"2016","Moult","CROZ","Old","M",1,"2017-02-01","2017-04-14",6772,822485.795964,40.3007356216775,1109744,0.342689274722337,1.55955760005907,1.58917154369748,TRUE,3.86529680365297,469.455362993151,21.9683098083882,2668.13685450915,"Failed breeder"
"35",46514,"2017","Outgoing migration","CROZ","Old","M",2,"2018-04-15","2018-05-31",1867,277754.42497,39.5775228976968,377834,0.372921823973315,1.28534035940011,1.43004597837838,TRUE,1.65514184397163,246.236192349291,17.7887643780073,2646.4424321051,"Non breeder"
"36",46514,"2017","Chick rearing","CROZ","Old","M",2,"2017-12-16","2018-01-31",1503,218432.838854,24.604308742515,398095,0.370195092235286,1.30062875908184,1.47298077548387,TRUE,1.33244680851064,193.646133735816,13.5917306170638,1975.3029298896,"Non breeder"
"37",46514,"2017","Migration max","CROZ","Old","M",2,"2018-06-01","2018-08-15",3690,608080.67395,56.6193953197832,789579,0.367852038621177,1.37535453222222,1.27990510983607,TRUE,2.02302631578947,333.377562472588,16.8241556576353,2772.47802464351,"Non breeder"
"38",46514,"2017","Incubation","CROZ","Old","M",2,"2017-11-01","2017-12-15",3362,322633.989884,27.9129487239738,494498,0.365284040732072,1.40262684913742,1.56390092030075,TRUE,3.11296296296296,298.735175818518,24.4757309433001,2348.81104389179,"Non breeder"
"39",46514,"2017","Returning migration","CROZ","Old","M",2,"2018-08-16","2018-10-31",7274,1017907.253736,42.5003276299148,1497142,0.392047690720408,1.30633153590872,1.49674003256484,TRUE,3.93614718614719,550.815613493506,17.4909260444233,2447.64098091537,"Non breeder"
"40",46514,"2017","Moult","CROZ","Old","M",2,"2018-02-01","2018-04-14",4531,551234.556442,26.8774040587067,753466,0.37089735327914,1.53428995585963,1.53154176036217,TRUE,2.58618721461187,314.631596142694,21.6487538920137,2633.75441385703,"Non breeder"
"41",46514,"2018","Chick rearing","CROZ","Old","M",3,"2018-12-16","2019-01-31",2111,262690.692516,28.2718133207011,461383,0.330613133190249,1.172149502937,1.37203426,TRUE,1.87145390070922,232.881819606383,16.4713480990847,2049.67780143092,"Non breeder"
"42",46514,"2018","Outgoing migration","CROZ","Old","M",3,"2019-04-15","2019-05-29",2381,342719.184952,46.0437393070139,452373,0.340555395185579,1.42296743170937,1.38490909090909,TRUE,2.11081560283688,303.829064673759,18.9480804557301,2727.3711424581,"Non breeder"
"43",46514,"2018","Returning migration","CROZ","Old","M",3,"2019-08-16","2019-10-31",10077,1800888.419508,68.0399262062122,2095645,0.326589355526635,1.34402582164335,1.37424677532468,TRUE,5.45292207792208,974.506720512987,17.3107563542489,3093.65293751031,"Non breeder"
"44",46514,"2018","Incubation","CROZ","Old","M",3,"2018-11-01","2018-12-15",4726,467571.510502,29.6088519657215,716972,0.385320612339717,1.35391245713077,1.4194628362963,TRUE,4.37592592592593,432.936583798148,23.7297969795194,2347.7310659373,"Non breeder"
"45",46514,"2018","Moult","CROZ","Old","M",3,"2019-02-01","2019-04-14",3153,345483.75155,24.8003765620044,473925,0.341048347545099,1.41106626996511,1.44527922099644,TRUE,1.79965753424658,197.19392211758,23.9506250989081,2624.3424710239,"Non breeder"
"46",46514,"2018","Migration max","CROZ","Old","M",3,"2019-06-01","2019-08-15",4782,890341.651452,72.5112297678795,937659,0.328579757682586,1.45054669180259,1.34559104444444,TRUE,2.62171052631579,488.125905401316,18.3597661836553,3418.33219243584,"Non breeder"
"47",47953,"2016","Returning migration","CROZ","Old","M",1,"2017-08-16","2017-10-31",10410,1368948.946062,38.9998031440922,2203073,0.41051367466838,1.26109366186359,1.25899988849315,TRUE,5.63311688311688,740.773239211039,17.0107844814947,2236.97362993564,"Successful breeder"
"48",47953,"2016","Moult","CROZ","Old","M",1,"2017-02-01","2017-04-14",5536,764667.417574,40.017167359104,1036623,0.33198391469853,1.40435937933526,1.48520031428571,TRUE,3.15981735159817,436.454005464612,19.2255043540419,2655.54854876498,"Successful breeder"
"49",47953,"2016","Outgoing migration","CROZ","Old","M",1,"2017-04-15","2017-05-31",2907,419200.944336,38.1794949157207,519607,0.36019744535446,1.43256425923633,1.33489344771574,TRUE,2.57712765957447,371.632042851064,20.1406062658894,2904.35540631593,"Successful breeder"
"50",47953,"2016","Migration max","CROZ","Old","M",1,"2017-06-01","2017-08-15",3052,422906.30697,39.6652777359109,731743,0.442128298476439,1.22693504026868,1.17504567509579,TRUE,1.67324561403509,231.856527944079,15.0151077632447,2080.59756648441,"Successful breeder"
"51",47953,"2017","Chick rearing","CROZ","Old","M",2,"2017-12-16","2018-01-31",2264,329351.1524,29.687933745583,607192,0.353923036101561,1.17042507137809,1.41472618779343,TRUE,2.00709219858156,291.977971985816,13.4231017536463,1952.70054388068,"Non breeder"
"52",47953,"2017","Incubation","CROZ","Old","M",2,"2017-11-01","2017-12-15",2970,313272.203558,31.471661013468,522192,0.355575214297321,1.26361670212121,1.46756916107383,TRUE,2.75,290.066855146296,20.4752275025278,2159.70358184116,"Non breeder"
"53",47953,"2017","Migration max","CROZ","Old","M",2,"2018-06-03","2018-08-15",5130,896215.250234,69.2752916218324,1046629,0.331948636396405,1.33649596830409,1.25656391090909,TRUE,2.8125,491.346080172149,17.6452209904369,3082.63472619467,"Non breeder"
"54",47953,"2017","Returning migration","CROZ","Old","M",2,"2018-08-16","2018-10-31",9529,1484957.781354,44.833931429321,2130268,0.395805531754642,1.33299810322174,1.39335242493639,TRUE,5.15638528138528,803.548582983766,16.1033259664981,2509.47205369202,"Non breeder"
"55",47953,"2017","Moult","CROZ","Old","M",2,"2018-02-01","2018-04-14",1973,383418.416942,28.1508657526609,501640,0.337978403967577,1.28669426315256,1.36544557539062,TRUE,1.12614155251142,218.846128391552,14.159157961885,2751.58739532573,"Non breeder"
"56",47953,"2017","Outgoing migration","CROZ","Old","M",2,"2018-04-15","2018-05-30",1023,162298.869092,29.9442661388074,256026,0.398762243724347,1.26884803284457,1.32003403496504,TRUE,0.906914893617021,143.88197614539,14.3844765765977,2282.09607122402,"Non breeder"
"57",47953,"2018","Outgoing migration","CROZ","Old","M",3,"2019-04-15","2019-05-31",833,209032.244486,20.221832304922,294388,0.416079591383073,1.28726394669868,1.37075793532934,TRUE,0.738475177304965,185.312273480496,10.1865565172493,2556.20500886449,"Non breeder"
"58",47953,"2018","Returning migration","CROZ","Old","M",3,"2019-08-16","2019-10-31",11808,2022989.733148,52.4731979598577,2507817,0.373562484808688,1.29839878402778,1.21407433693182,TRUE,6.38961038961039,1094.69141404113,16.9505191168255,2904.02491064252,"Non breeder"
"59",47953,"2018","Moult","CROZ","Old","M",3,"2019-02-01","2019-04-13",2704,377714.384132,23.3747909097633,469657,0.355620413785859,1.36032308975592,1.426948714377,TRUE,1.54337899543379,215.590401901826,20.7266153810121,2895.24436530319,"Non breeder"
"60",47953,"2018","Migration max","CROZ","Old","M",3,"2019-06-01","2019-08-15",3753,470574.639634,33.1968972528644,760888,0.453910785369472,1.19313952877698,1.23554728043478,TRUE,2.05756578947368,257.990482255482,17.7566212110061,2226.43635158184,"Non breeder"
"61",47953,"2018","Chick rearing","CROZ","Old","M",3,"2018-12-16","2019-01-31",3479,426777.063062,32.6102905001437,780407,0.362150780836268,1.16559400454153,1.32814261010101,TRUE,3.08421985815603,378.348460161347,16.0485490263414,1968.71302669402,"Non breeder"
"62",47953,"2018","Incubation","CROZ","Old","M",3,"2018-11-01","2018-12-15",3273,339181.509618,31.2055644943477,525893,0.366174124270809,1.30837533483043,1.36763548935361,TRUE,3.03055555555556,314.05695335,22.4053181921037,2321.8666812922,"Non breeder"
"63",4831,"2016","Outgoing migration","ROYD","Middle-age","M",1,"2017-04-15","2017-05-31",1927,209019.654242,31.1161859522574,423080,0.301018553529068,1.06033194037364,1.43588229411765,TRUE,1.70833333333333,185.301111916667,16.3968989316441,1778.55430479153,"Non breeder"
"64",4831,"2016","Moult","ROYD","Middle-age","M",1,"2017-02-01","2017-04-14",4867,542965.415438,28.784951382782,1033974,0.31108560008026,1.08633335490035,1.38067013043478,TRUE,2.77796803652968,309.911766802511,16.9454937938478,1890.44936872378,"Non breeder"
"65",4831,"2016","Returning migration","ROYD","Middle-age","M",1,"2017-08-16","2017-10-31",2072,379086.864384,24.677888542471,1027365,0.352896620855145,1.01365649888996,1.22482487837838,TRUE,1.12121212121212,205.133584623377,7.26051598020178,1328.36208337095,"Non breeder"
"66",4831,"2016","Migration max","ROYD","Middle-age","M",1,"2017-06-01","2017-08-15",2697,301627.533328,38.7113925917686,605480,0.339694685923493,1.12275188709677,1.314322165,TRUE,1.47861842105263,165.365972219298,16.0355420492832,1793.38561138403,"Non breeder"
"67",4831,"2017","Moult","ROYD","Middle-age","M",2,"2018-02-01","2018-04-14",6020,681632.994998,26.8540367973422,1016844,0.378042524081822,1.50393056171096,1.5794094956848,TRUE,3.43607305936073,389.059928651826,21.3130037645893,2413.23033030907,"Non breeder"
"68",4831,"2017","Migration max","ROYD","Middle-age","M",2,"2018-06-03","2018-08-15",1871,304430.95188,35.6156508925708,530439,0.443027602328319,1.09687687231427,1.27092635208333,TRUE,1.02576754385965,166.902934144737,12.698161334291,2066.12150835063,"Non breeder"
"69",4831,"2017","Outgoing migration","ROYD","Middle-age","M",2,"2018-04-15","2018-05-31",1681,214066.230586,25.4882905829863,374483,0.427470080689624,1.2807720610351,1.42183586296296,TRUE,1.49024822695035,189.775027115248,16.1598790866341,2057.87293444455,"Non breeder"
"70",4831,"2017","Chick rearing","ROYD","Middle-age","M",2,"2017-12-17","2018-01-31",4243,452275.58053,42.6790535305209,484092,0.352834734522152,1.75412029752534,1.48604508815789,TRUE,3.76152482269504,400.953528838652,31.5535063582955,3363.39392080018,"Non breeder"
"71",4831,"2017","Incubation","ROYD","Middle-age","M",2,"2017-11-01","2017-12-14",6053,679231.451942,42.2186901255576,889672,0.391453417055671,1.61045110447712,1.83468883322422,TRUE,5.60462962962963,628.918011057407,24.4930716039169,2748.4659818351,"Non breeder"
"72",4831,"2017","Returning migration","ROYD","Middle-age","M",2,"2018-08-16","2018-10-31",10171,1652298.878576,56.1497915003441,2166574,0.367687310041291,1.51267255422279,1.2738271490566,TRUE,5.50378787878788,894.101124770563,16.9002305021661,2745.47555858863,"Non breeder"
"73",4831,"2018","Moult","ROYD","Middle-age","M",3,"2019-02-01","2019-04-14",4089,507894.356508,27.073699787234,798782,0.385815606155584,1.45339168214722,1.5380757345898,TRUE,2.33390410958904,289.89403910274,18.4285574787614,2289.00962143463,"Successful breeder"
"74",4831,"2018","Migration max","ROYD","Middle-age","M",3,"2019-06-01","2019-08-15",5807,1078370.913918,70.0122455088686,1305892,0.360054725065597,1.5823420462373,1.32223268235294,TRUE,3.18366228070175,591.212123858553,16.008368226469,2972.78434212385,"Successful breeder"
"75",4831,"2018","Outgoing migration","ROYD","Middle-age","M",3,"2019-04-15","2019-05-31",1703,225102.992612,22.3987842806812,397166,0.437637475308358,1.29597313793306,1.44843399876033,TRUE,1.50975177304965,199.559390613475,15.4363666577703,2040.38304739882,"Successful breeder"
"76",4831,"2018","Chick rearing","ROYD","Middle-age","M",3,"2018-12-17","2019-01-31",8252,1720619.867298,87.9258238899661,1517953,0.279052418725816,1.82870212498788,1.54436149772727,TRUE,7.31560283687943,1525.37222278191,19.5705664141116,4080.64776858888,"Successful breeder"
"77",4831,"2018","Incubation","ROYD","Middle-age","M",3,"2018-11-01","2018-12-14",4260,492756.688632,38.1710323192488,662200,0.412899760463983,1.55288783995305,1.63603270068376,TRUE,3.94444444444444,456.256193177778,23.1591664149804,2678.83430847961,"Successful breeder"
"78",4831,"2018","Returning migration","ROYD","Middle-age","M",3,"2019-08-16","2019-10-31",10902,1848445.850564,53.8143475976885,2489353,0.362207714829168,1.42905069270776,1.24010600111111,TRUE,5.89935064935065,1000.24126112771,15.7660243444783,2673.14642078902,"Successful breeder"
"79",48840,"2016","Returning migration","CROZ","Old","M",1,"2017-08-16","2017-10-30",5007,791300.89243,42.40571836429,1403827,0.338843627480722,1.30025426536848,1.37935190666667,TRUE,2.70941558441558,428.193123609307,12.840043680596,2029.22668729694,"Successful breeder"
"80",48840,"2016","Moult","CROZ","Old","M",1,"2017-02-01","2017-04-14",6503,747818.197162,34.2558584437952,1090384,0.351667180341592,1.425985523666,1.69259911297872,TRUE,3.71175799086758,426.836870526256,21.4702343394621,2468.98845707861,"Successful breeder"
"81",48840,"2016","Outgoing migration","CROZ","Old","M",1,"2017-04-15","2017-05-31",1141,217981.140504,38.0205865030675,282604,0.320771982901262,1.54917242839614,1.58539038032787,TRUE,1.01152482269504,193.24569193617,14.5348261171109,2776.79051186254,"Successful breeder"
"82",48840,"2016","Migration max","CROZ","Old","M",1,"2017-06-01","2017-08-15",3855,565991.714152,53.1364842801556,776362,0.347703361170806,1.44149202054475,1.2565962125,TRUE,2.11348684210526,310.302474864035,17.8756817051839,2624.51043578537,"Successful breeder"
"83",48840,"2017","Migration max","CROZ","Old","M",2,"2018-06-01","2018-08-15",3835,439941.23378,36.7991540990874,745103,0.425679662725248,1.3617397347588,1.62830523775934,TRUE,2.10252192982456,241.19585185307,18.5289818991468,2125.59665121198,"Successful breeder"
"84",48840,"2017","Incubation","CROZ","Old","M",2,"2017-11-14","2017-12-15",2407,239558.096698,31.4256616950561,376309,0.334498493765352,1.33974489547154,1.5580449968254,TRUE,2.2287037037037,221.813052498148,23.0268210433447,2291.75796516374,"Successful breeder"
"85",48840,"2017","Moult","CROZ","Old","M",2,"2018-02-01","2018-04-14",2169,433713.86648,35.2412158275703,591698,0.300227873509668,1.59360670036883,1.42792961102362,TRUE,1.23801369863014,247.553576757991,13.1965969126142,2638.79533026645,"Successful breeder"
"86",48840,"2017","Chick rearing","CROZ","Old","M",2,"2017-12-16","2018-01-31",7048,1059221.53013,54.8125588095914,1274253,0.317132586235232,1.59927527961124,1.53699289767442,TRUE,6.24822695035461,939.026179193262,19.9119013257179,2992.49639472538,"Successful breeder"
"87",48840,"2017","Outgoing migration","CROZ","Old","M",2,"2018-04-15","2018-05-31",812,136651.26407,27.0399704926108,207838,0.372779163474068,1.57749019802956,1.6405003,TRUE,0.719858156028369,121.144737650709,14.0648004695965,2366.96153086539,"Successful breeder"
"88",48840,"2017","Returning migration","CROZ","Old","M",2,"2018-08-16","2018-10-27",3825,696332.317378,31.815859545098,1246204,0.389699823926334,1.29255150478431,1.52567953614865,TRUE,2.06980519480519,376.803202044372,11.0495552895032,2011.54573614015,"Successful breeder"
"89",48840,"2018","Returning migration","CROZ","Old","M",3,"2019-08-16","2019-10-31",8027,1389270.300692,42.8250433898094,2157616,0.371407816651555,1.35897452110377,1.32511353054187,TRUE,4.34361471861472,751.769643231602,13.3931153643651,2318.00889615724,"Successful breeder"
"90",48840,"2018","Moult","CROZ","Old","M",3,"2019-02-01","2019-04-14",2878,520105.908942,46.2855970847811,732006,0.337814315452004,1.65649911167477,1.683448135,TRUE,1.64269406392694,296.864103277397,14.153982344407,2557.87694662503,"Successful breeder"
"91",48840,"2018","Outgoing migration","CROZ","Old","M",3,"2019-04-15","2019-05-31",1077,196095.84082,23.8486494150418,323027,0.369521363989903,1.59196467158774,1.63924729338235,TRUE,0.954787234042553,173.843830514184,12.0027118476165,2185.40563777022,"Successful breeder"
"92",48840,"2018","Migration max","CROZ","Old","M",3,"2019-06-01","2019-08-15",2225,344110.166544,31.3752867820225,630784,0.393297412083686,1.38899435137079,1.4104718712766,TRUE,1.21984649122807,188.656889552632,12.6984831574675,1963.89984457183,"Successful breeder"
"93",48840,"2018","Incubation","CROZ","Old","M",3,"2018-11-28","2018-12-15",1899,254453.297408,36.2644722011585,431332,0.341811423037935,1.30366150084255,1.41970921290323,TRUE,1.75833333333333,235.604905007407,15.8495080355735,2123.72805789693,"Successful breeder"
"94",48840,"2018","Chick rearing","CROZ","Old","M",3,"2018-12-16","2019-01-31",5856,1145714.309196,68.6116333845628,1383588,0.291347728100841,1.60094598196721,1.42248040921053,TRUE,5.19148936170213,1015.70417481915,15.2369057840918,2981.06915722426,"Successful breeder"
"95",49842,"2017","Chick rearing","CROZ","Middle-age","M",2,"2017-12-16","2018-01-31",4594,572638.912918,38.1991427078798,846317,0.347197629058998,1.45321535354811,1.40684950133333,TRUE,4.07269503546099,507.658610742908,19.5416138397315,2435.84860815132,"Failed breeder"
"96",49842,"2017","Returning migration","CROZ","Middle-age","M",2,"2018-08-16","2018-10-31",12370,1801413.488186,52.7736593290218,2255103,0.404972265610154,1.52174487814066,1.3046264050536,TRUE,6.69372294372294,974.790848585498,19.7472133201898,2875.73940412903,"Failed breeder"
"97",49842,"2017","Incubation","CROZ","Middle-age","M",2,"2017-12-13","2017-12-15",790,89259.515964,50.489063556962,111833,0.326850174400335,1.44199909417722,1.397216,TRUE,0.731481481481482,82.6476999666667,25.430776246725,2873.34022578666,"Failed breeder"
"98",49842,"2017","Moult","CROZ","Middle-age","M",2,"2018-02-01","2018-04-14",4466,474868.077228,26.4230182489924,624949,0.38048317897856,1.54012864310345,1.52520396139089,TRUE,2.54908675799087,271.043423075342,25.7262592627558,2735.46333864171,"Failed breeder"
"99",49842,"2017","Migration max","CROZ","Middle-age","M",2,"2018-06-01","2018-08-15",6222,820714.425424,43.6807961282546,1101374,0.427860016607889,1.37958081088075,1.38606186512968,TRUE,3.41118421052632,449.953084114035,20.3375056974288,2682.62364240158,"Failed breeder"
"100",49842,"2017","Outgoing migration","CROZ","Middle-age","M",2,"2018-04-15","2018-05-31",975,169715.342954,20.8111411179487,260495,0.432014418406617,1.27609828410256,1.29392440127389,TRUE,0.86436170212766,150.456864320922,13.4743469164475,2345.43939282673,"Failed breeder"
"101",49842,"2018","Outgoing migration","CROZ","Middle-age","M",3,"2019-04-15","2019-05-31",980,223279.364334,22.1350723367347,329449,0.382217038806795,1.2867290644898,1.36636666953642,TRUE,0.868794326241135,197.94269887766,10.708789524327,2439.84869161054,"Failed breeder"
"102",49842,"2018","Returning migration","CROZ","Middle-age","M",3,"2019-08-16","2019-10-31",11694,1738743.574498,48.7249732649222,2145386,0.386538982284548,1.52270537960493,1.33164612903226,TRUE,6.32792207792208,940.878557628788,19.6227625238535,2917.64599386441,"Failed breeder"
"103",49842,"2018","Migration max","CROZ","Middle-age","M",3,"2019-06-01","2019-08-15",5673,931839.15375,60.7319647840649,1112033,0.399490774431788,1.47979553017804,1.22097206235294,TRUE,3.11019736842105,510.876729029605,18.3652823252547,3016.65593871765,"Failed breeder"
"104",49842,"2018","Moult","CROZ","Middle-age","M",3,"2019-02-01","2019-04-14",3429,520423.40563,28.0076600787402,739941,0.352832744283384,1.4936001474774,1.51891554632353,TRUE,1.95719178082192,297.045322848173,16.6829517488557,2531.99141589397,"Failed breeder"
"105",49842,"2018","Incubation","CROZ","Middle-age","M",3,"2018-11-01","2018-12-15",5742,666070.35666,33.0571106478579,881886,0.367801736645601,1.44660356429815,1.4264868638009,TRUE,5.31666666666667,616.731811722222,23.4397643232799,2719.00595312319,"Failed breeder"
"106",49842,"2018","Chick rearing","CROZ","Middle-age","M",3,"2018-12-16","2019-01-31",5746,945213.950022,44.2793063679081,1309629,0.324910623474971,1.40847477513053,1.3870727362069,TRUE,5.09397163120567,837.955629452128,15.7950075937536,2598.27036517915,"Failed breeder"
"107",50945,"2016","Returning migration","CROZ","Middle-age","M",1,"2017-08-16","2017-10-26",6360,1052512.692462,40.4831346084906,1812433,0.368216044028844,1.25948311393082,1.35825662735043,TRUE,3.44155844155844,569.54150025,12.6327428379421,2090.58524804128,"Failed breeder"
"108",50945,"2016","Migration max","CROZ","Middle-age","M",1,"2017-06-01","2017-08-15",4680,678559.100488,53.3173171602564,905234,0.357144810705147,1.42979368837607,1.27460316964286,TRUE,2.56578947368421,372.01705070614,18.6117622625752,2698.54287593793,"Failed breeder"
"109",50945,"2016","Outgoing migration","CROZ","Middle-age","M",1,"2017-04-15","2017-05-31",1239,230658.290058,29.0259898789346,363076,0.353289471961684,1.33713766271186,1.39539640689655,TRUE,1.09840425531915,204.484299696809,12.2850312331303,2287.04140237526,"Failed breeder"
"110",50945,"2016","Moult","CROZ","Middle-age","M",1,"2017-02-01","2017-04-14",4958,591718.472174,30.0426046329165,951811,0.345877590985861,1.34347297874143,1.51940378931034,TRUE,2.82990867579909,337.738853980594,18.7524624111299,2238.03517696938,"Failed breeder"
"111",50945,"2017","Chick rearing","CROZ","Middle-age","M",2,"2017-12-17","2018-01-27",5217,775807.416278,52.8328058347709,1010254,0.307115667341103,1.58852101042745,1.6161402556962,TRUE,4.625,687.772532161347,18.5905722719237,2764.55891152205,"Successful breeder"
"112",50945,"2017","Incubation","CROZ","Middle-age","M",2,"2017-11-29","2017-12-12",3158,336254.3909,40.2157793413553,460927,0.330640690996354,1.49513419173528,1.59151681443299,TRUE,2.92407407407407,311.346658240741,24.665077116333,2626.26361059343,"Successful breeder"
"113",50945,"2017","Outgoing migration","CROZ","Middle-age","M",2,"2018-04-15","2018-05-31",788,171619.613866,28.9034621700508,250173,0.362832856064784,1.38531931053299,1.44848111511628,TRUE,0.698581560283688,152.145047753546,11.339353167608,2469.61346715113,"Successful breeder"
"114",50945,"2017","Migration max","CROZ","Middle-age","M",2,"2018-06-05","2018-08-15",4782,538735.406324,39.1028940966123,781503,0.406353000258308,1.4805474154747,1.54818748666667,TRUE,2.62171052631579,295.359323642544,22.0283223480908,2481.68908214863,"Successful breeder"
"115",50945,"2017","Returning migration","CROZ","Middle-age","M",2,"2018-08-16","2018-10-27",4597,760469.869538,31.4588430454644,1329140,0.396813982994927,1.24374021559713,1.44107030775194,TRUE,2.48755411255411,411.50966966342,12.4510585792317,2059.74655065441,"Successful breeder"
"116",50945,"2017","Moult","CROZ","Middle-age","M",2,"2018-02-02","2018-04-14",3870,579537.453966,30.6396701447028,937401,0.330940385466384,1.35662988284238,1.48686939700599,TRUE,2.20890410958904,330.786218017123,14.8623694662156,2225.6588528043,"Successful breeder"
"117",50945,"2018","Incubation","CROZ","Middle-age","M",3,"2018-11-04","2018-12-14",3716,407566.044076,34.7088537674919,648083,0.365486532206247,1.47414483759419,1.57606752803347,TRUE,3.44074074074074,377.375966737037,20.6418005101198,2263.96581714626,"Failed breeder"
"118",50945,"2018","Chick rearing","CROZ","Middle-age","M",3,"2018-12-16","2019-01-31",7205,1197202.693982,65.9041364038862,1650376,0.319646276709907,1.61715520391395,1.55247368559322,TRUE,6.38741134751773,1061.34990601241,15.7164185615884,2611.48350335633,"Failed breeder"
"119",50945,"2018","Migration max","CROZ","Middle-age","M",3,"2019-06-01","2019-08-15",5896,927488.406608,62.769513202171,1281762,0.3879048563475,1.50324798281886,1.91532148310811,TRUE,3.23245614035088,508.491450991228,16.5597045317305,2604.9752323667,"Failed breeder"
"120",50945,"2018","Returning migration","CROZ","Middle-age","M",3,"2019-08-16","2019-10-31",9793,1582721.757088,47.1598492852037,2277680,0.368513600057442,1.42451794627795,1.38393025826772,TRUE,5.29924242424242,856.451167255411,15.4783815110112,2501.5798204826,"Failed breeder"
"121",50945,"2018","Outgoing migration","CROZ","Middle-age","M",3,"2019-04-15","2019-05-31",1441,306827.581082,25.3294332616239,517679,0.391326085148643,1.31032352519084,1.31788286666667,TRUE,1.27748226950355,272.010266916667,10.0208816660517,2133.71469944734,"Failed breeder"
"122",50945,"2018","Moult","CROZ","Middle-age","M",3,"2019-02-01","2019-04-14",3420,522059.57573,35.9323514678363,824670,0.354406480270525,1.59376598473684,1.55937239952381,TRUE,1.95205479452055,297.979209891553,14.9296082069191,2278.98974453782,"Failed breeder"
"123",51069,"2016","Migration max","CROZ","Middle-age","F",1,"2017-06-01","2017-08-15",5224,998580.031396,80.1939969582695,1053015,0.364235778632437,1.65071576521822,1.45036138348624,TRUE,2.8640350877193,547.467122475877,17.8595746499338,3413.90019422857,"Successful breeder"
"124",51069,"2016","Returning migration","CROZ","Middle-age","F",1,"2017-08-16","2017-10-30",9588,1533470.427428,57.1397514862328,1974195,0.371182840148135,1.50915410755111,1.24176334180328,TRUE,5.18831168831169,829.800014841991,17.4839871441271,2796.32637036402,"Successful breeder"
"125",51069,"2016","Moult","CROZ","Middle-age","F",1,"2017-02-01","2017-04-14",5882,605817.430244,33.5228991873512,864718,0.371137006820726,1.43988173145189,1.56637003913043,TRUE,3.35730593607306,345.786204477169,24.4879833656753,2522.1433448574,"Successful breeder"
"126",51069,"2016","Outgoing migration","CROZ","Middle-age","F",1,"2017-04-15","2017-05-31",1472,210246.068238,26.4417743817935,321402,0.385467650804223,1.37756366915761,1.43866983902439,TRUE,1.30496453900709,186.388358367021,16.487762988407,2354.95064018519,"Successful breeder"
"127",51069,"2017","Chick rearing","CROZ","Middle-age","F",2,"2017-12-16","2018-01-31",5257,527468.469218,26.3174777858094,909439,0.372051570805741,1.41234483587597,1.42250837109145,TRUE,4.6604609929078,467.613891150709,20.8097519459799,2087.97565222604,"Non breeder"
"128",51069,"2017","Moult","CROZ","Middle-age","F",2,"2018-02-01","2018-04-14",4248,488883.095648,25.9152717043314,757632,0.369030867440955,1.38389570743879,1.3727619362069,TRUE,2.42465753424658,279.042862812785,20.1849974657881,2323.00001099848,"Non breeder"
"129",51069,"2017","Returning migration","CROZ","Middle-age","F",2,"2018-08-16","2018-10-29",9229,1417290.620686,49.0226978740925,1866247,0.383337723332596,1.49028794126124,1.45606290647059,TRUE,4.99404761904762,766.932154050866,17.802788162553,2733.96085002125,"Non breeder"
"130",51069,"2017","Outgoing migration","CROZ","Middle-age","F",2,"2018-04-15","2018-05-31",1311,210405.85759,32.9051762166285,296419,0.364644644673465,1.36477286536995,1.37505937754237,TRUE,1.16223404255319,186.530015593972,15.9220562784437,2555.37292590556,"Non breeder"
"131",51069,"2017","Incubation","CROZ","Middle-age","F",2,"2017-11-03","2017-12-14",3881,517554.947684,48.1722587451688,560014,0.305114640372629,1.72073381241948,1.51597957586207,TRUE,3.59351851851852,479.217544151852,24.9486619977358,3327.05577300282,"Non breeder"
"132",51069,"2017","Migration max","CROZ","Middle-age","F",2,"2018-06-01","2018-08-15",3240,523352.381288,55.0961054290123,667036,0.369064765294763,1.53378405138889,1.47739415950413,TRUE,1.77631578947368,286.925647635965,17.4863125828291,2824.53806486726,"Non breeder"
"133",51069,"2018","Chick rearing","CROZ","Middle-age","F",3,"2018-12-16","2019-01-31",8539,1508643.688582,69.6329705480735,1784790,0.307116548814728,1.62878677295936,1.34797941222222,TRUE,7.57003546099291,1337.45007853014,17.2235389037366,3043.0007333609,"Successful breeder"
"134",51069,"2018","Moult","CROZ","Middle-age","F",3,"2019-02-01","2019-04-14",3830,498154.74474,26.6855497519582,650756,0.365617925854907,1.49570065877285,1.48595636367265,TRUE,2.18607305936073,284.334899965753,21.1876648083153,2755.80567995378,"Successful breeder"
"135",51069,"2018","Outgoing migration","CROZ","Middle-age","F",3,"2019-04-15","2019-05-31",1230,212417.41552,22.9225874634146,328813,0.423070471298324,1.42131381268293,1.46171463728324,TRUE,1.09042553191489,188.313311631206,13.4666208452829,2325.64617540061,"Successful breeder"
"136",51069,"2018","Migration max","CROZ","Middle-age","F",3,"2019-06-01","2019-08-15",6169,1133011.291632,78.208819218674,1209600,0.366252097959403,1.63365935527638,1.29505311136364,TRUE,3.38212719298246,621.168471289474,18.360119047619,3372.05741557143,"Successful breeder"
"137",51069,"2018","Incubation","CROZ","Middle-age","F",3,"2018-11-11","2018-12-15",6116,639383.392978,36.4484559973839,807148,0.375237035011584,1.53068505676913,1.58708181904762,TRUE,5.66296296296296,592.021660164815,27.2782686694386,2851.74492747402,"Successful breeder"
"138",51069,"2018","Returning migration","CROZ","Middle-age","F",3,"2019-08-16","2019-10-31",11797,1775192.121224,54.3579377019581,2097511,0.370609492544379,1.56270977011952,1.38379988450185,TRUE,6.38365800865801,960.601797199134,20.2474265927568,3046.7976741988,"Successful breeder"
"139",5139,"2016","Outgoing migration","ROYD","Middle-age","M",1,"2017-04-15","2017-05-31",2108,308495.2209,45.5522866176471,455455,0.286048779862327,1.23267450901328,1.261048375,TRUE,1.86879432624113,273.488671010638,16.6620192993819,2438.40290531447,"Failed breeder"
"140",5139,"2016","Moult","ROYD","Middle-age","M",1,"2017-02-01","2017-04-14",2131,316924.293694,28.3238793477241,615419,0.315915964238275,1.0477542292351,1.2849030202381,TRUE,1.21632420091324,180.892861697489,12.4656534816117,1853.90353125009,"Failed breeder"
"141",5139,"2016","Returning migration","ROYD","Middle-age","M",1,"2017-08-16","2017-10-31",8592,1137232.23016,47.1026546892458,2072200,0.35443759339854,1.04342050418994,1.2516972037037,TRUE,4.64935064935065,615.385405930736,14.9267445227295,1975.69540998745,"Failed breeder"
"142",5139,"2016","Migration max","ROYD","Middle-age","M",1,"2017-06-01","2017-08-15",4100,404901.151346,33.6245411195122,747542,0.357467730531424,1.09923682202439,1.2798297,TRUE,2.24780701754386,221.985280343202,19.7447099962276,1949.91605133304,"Failed breeder"
"143",5139,"2018","Migration max","ROYD","Middle-age","M",3,"2019-06-01","2019-08-15",1813,273519.321632,32.3662498896856,412431,0.425823240704775,1.24531854511859,1.39498281843972,TRUE,0.993969298245614,149.955768438596,15.8251925776675,2387.47707586287,"Successful breeder"
"144",5139,"2018","Incubation","ROYD","Middle-age","M",3,"2018-11-13","2018-12-15",1763,177570.586946,36.6960425694838,199333,0.36858625913586,1.56776373652864,1.58111369387755,TRUE,1.63240740740741,164.417210135185,31.8401870237241,3206.96579595752,"Successful breeder"
"145",5139,"2018","Chick rearing","ROYD","Middle-age","M",3,"2018-12-16","2019-01-31",8084,1456612.22144,65.0931045930233,1385906,0.308006560818597,1.62841477117763,1.82737891111111,TRUE,7.16666666666667,1291.32289134752,20.9988267602565,3783.66497957582,"Successful breeder"
"146",5139,"2018","Moult","ROYD","Middle-age","M",3,"2019-02-01","2019-04-14",5822,716550.522716,30.034240132257,962299,0.369931354416496,1.47230422085194,1.55374509217221,TRUE,3.32305936073059,408.990024381279,21.7803406217818,2680.64487417902,"Successful breeder"
"147",5139,"2018","Returning migration","ROYD","Middle-age","M",3,"2019-08-16","2019-10-31",6544,896366.152536,38.3360341045232,1318449,0.400847242324379,1.27847458259474,1.23547252357143,TRUE,3.54112554112554,485.046619337662,17.8682679421047,2447.51078663612,"Successful breeder"
"148",5139,"2018","Outgoing migration","ROYD","Middle-age","M",3,"2019-04-15","2019-05-31",159,121311.195642,14.8095552830189,162634,0.402241902087365,1.45821073962264,1.56452949166667,TRUE,0.140957446808511,107.545386207447,3.51955925575218,2685.29522923374,"Successful breeder"
"149",63108,"2017","Outgoing migration","ROYD","Young","F",2,"2018-04-15","2018-05-31",693,167727.816436,25.6978032756133,243180,0.400507002713276,1.31713489062049,1.37981363195876,TRUE,0.61436170212766,148.69487272695,10.259067357513,2483.01726774241,"Non breeder"
"150",63108,"2017","Migration max","ROYD","Young","F",2,"2018-06-01","2018-08-15",2704,437795.358134,50.9330207026627,581822,0.378590113485133,1.33481163849852,1.39399820338983,TRUE,1.48245614035088,240.019384941886,16.730890203533,2708.84100168505,"Non breeder"
"151",63108,"2017","Incubation","ROYD","Young","F",2,"2017-11-27","2017-12-15",3705,383003.159294,32.1788534736842,567102,0.368173318647233,1.44365840253711,1.59427803186373,TRUE,3.43055555555556,354.632554901852,23.5195784885259,2431.32870887142,"Non breeder"
"152",63108,"2017","Moult","ROYD","Young","F",2,"2018-02-01","2018-04-14",5788,687177.177738,33.174421142018,859706,0.35415963047481,1.52917298491707,1.58445104911894,TRUE,3.30365296803653,392.224416517123,24.237122923418,2877.53934467923,"Non breeder"
"153",63108,"2017","Chick rearing","ROYD","Young","F",2,"2017-12-16","2018-01-31",5546,564357.694666,32.2413523151821,815816,0.376889174395204,1.48140939734944,1.54005650391566,TRUE,4.91666666666667,500.317105200355,24.4731655177148,2490.37491394824,"Non breeder"
"154",63108,"2017","Returning migration","ROYD","Young","F",2,"2018-08-16","2018-10-31",9295,1157319.427496,32.9907192307692,1812752,0.412518341729909,1.34436316873588,1.45170424124457,TRUE,5.02976190476191,626.255101458874,18.459226634421,2298.35627762959,"Non breeder"
"155",63108,"2018","Outgoing migration","ROYD","Young","F",3,"2019-04-15","2019-05-31",1927,291919.231222,24.3422349766476,455854,0.431255624193046,1.36601893637779,1.44426336578171,TRUE,1.70833333333333,258.793644700355,15.2180303342737,2305.36363045887,"Successful breeder"
"156",63108,"2018","Returning migration","ROYD","Young","F",3,"2019-08-16","2019-10-31",13353,1784727.983564,46.3817238358421,2431202,0.406816094560526,1.42802763926458,1.38411446118211,TRUE,7.22564935064935,965.761895867965,19.7724417798274,2642.73422810215,"Successful breeder"
"157",63108,"2018","Chick rearing","ROYD","Young","F",3,"2018-12-16","2019-01-31",8966,1419290.723946,65.22282135735,1515160,0.305549877210127,1.47563885113763,1.35169626222222,TRUE,7.94858156028369,1258.23645739894,21.3030967026585,3372.21587568679,"Successful breeder"
"158",63108,"2018","Migration max","ROYD","Young","F",3,"2019-06-01","2019-08-15",5868,1207920.582012,74.9815799727335,1283702,0.335548842499386,1.49228842302318,1.31296459789916,TRUE,3.21710526315789,662.237161190789,16.4561557121513,3387.47941129888,"Successful breeder"
"159",63108,"2018","Incubation","ROYD","Young","F",3,"2018-11-01","2018-12-15",6249,761322.893682,42.1354389358297,866016,0.36939701543847,1.56346043099856,1.61039223254438,TRUE,5.78611111111111,704.928605261111,25.9768872630529,3164.79420386598,"Successful breeder"
"160",63108,"2018","Moult","ROYD","Young","F",3,"2019-02-01","2019-04-14",5472,612771.611446,27.2017765204678,775278,0.368867215864784,1.53359203053728,1.50770615892857,TRUE,3.12328767123288,349.75548598516,25.4092080518214,2845.40229595784,"Successful breeder"
"161",63137,"2016","Moult","ROYD","Young","F",1,"2017-02-01","2017-04-14",4417,426817.527682,31.7734561467059,762262,0.34039719222547,1.20166788956305,1.53739429824561,TRUE,2.52111872146119,243.617310320776,20.8605440124262,2015.76767522873,"Non breeder"
"162",63137,"2016","Outgoing migration","ROYD","Young","F",1,"2017-04-15","2017-05-31",879,156074.229888,23.4455501706485,315637,0.354397718084187,1.10675831194539,1.35248759770115,TRUE,0.779255319148936,138.363678978723,10.0254406169112,1780.10571509931,"Non breeder"
"163",63137,"2016","Migration max","ROYD","Young","F",1,"2017-06-01","2017-08-15",6552,784554.425754,55.4682118956044,1088030,0.400789093354609,1.50991377101648,1.27343668,TRUE,3.59210526315789,430.128522891447,21.6788140032904,2595.88056644982,"Non breeder"
"164",63137,"2016","Returning migration","ROYD","Young","F",1,"2017-08-16","2017-10-31",9192,1216955.672888,50.3468539936902,1940372,0.368693304929504,1.37414406648172,1.21059658333333,TRUE,4.97402597402597,658.525797017316,17.054049429697,2257.83531322695,"Non breeder"
"165",63137,"2018","Chick rearing","ROYD","Young","F",3,"2018-12-16","2019-01-31",7324,1025743.121648,48.6177578113053,1333293,0.372085875635718,1.44449887871382,1.44193250977273,TRUE,6.49290780141844,909.346739049645,19.7753982057957,2769.59020855341,"Successful breeder"
"166",63137,"2018","Outgoing migration","ROYD","Young","F",3,"2019-04-15","2019-05-31",636,212568.21961,18.1724060534591,275666,0.460963580880503,1.31823058663522,1.3831930412844,TRUE,0.563829787234043,188.447003200355,8.30570327860527,2775.98829959444,"Successful breeder"
"167",63137,"2018","Moult","ROYD","Young","F",3,"2019-02-01","2019-04-14",4072,437735.559962,24.0220540618861,712338,0.420994199505427,1.35658011274558,1.40908020990826,TRUE,2.32420091324201,249.849063905251,20.5789948030289,2212.21950234748,"Successful breeder"
"168",63137,"2018","Incubation","ROYD","Young","F",3,"2018-11-18","2018-12-15",5924,487742.86889,30.5065207579338,769296,0.455574382332714,1.43153410855841,1.53940458682877,TRUE,5.48518518518518,451.613767490741,27.7219691770138,2282.44307523242,"Successful breeder"
"169",63137,"2018","Migration max","ROYD","Young","F",3,"2019-06-01","2019-08-15",6687,1064061.942234,62.1875564662779,1298799,0.388717815232466,1.56506633882159,1.31789524876847,TRUE,3.66611842105263,583.367292891447,18.5349696142359,2949.35782368357,"Successful breeder"
"170",63137,"2018","Returning migration","ROYD","Young","F",3,"2019-08-16","2019-10-31",12018,1649023.317622,51.9511089682143,2062564,0.384661480520969,1.56086569400899,1.32917412120141,TRUE,6.50324675324675,892.32863507684,20.9762218287529,2878.20593370155,"Successful breeder"
"171",70164,"2016","Moult","CROZ","Middle-age","F",1,"2017-02-01","2017-04-14",6823,786508.623158,33.2664500981973,1162117,0.363874752427378,1.42758335912355,1.45615038290598,TRUE,3.89440639269406,448.920447007991,21.1362539227978,2436.44232325041,"Failed breeder"
"172",70164,"2016","Migration max","CROZ","Middle-age","F",1,"2017-06-01","2017-08-15",6975,1210512.825056,72.3802482207885,1188174,0.324420763258781,1.629087229319,1.31187107627119,TRUE,3.82401315789474,663.658347070175,21.1332683596847,3667.68349602129,"Failed breeder"
"173",70164,"2016","Returning migration","CROZ","Middle-age","F",1,"2017-08-16","2017-10-31",12173,1845131.701012,63.9210243900435,2072789,0.368473362418779,1.59196397965169,1.30468899411765,TRUE,6.58712121212121,998.447890158009,21.1419493252811,3204.60699262839,"Failed breeder"
"174",70164,"2016","Outgoing migration","CROZ","Middle-age","F",1,"2017-04-15","2017-05-31",4765,518623.01054,41.7045527366212,655701,0.385591402200567,1.58536357320042,1.50470204444444,TRUE,4.22429078014184,459.772172464539,26.1613143795724,2847.39971106343,"Failed breeder"
"175",70164,"2017","Chick rearing","CROZ","Middle-age","F",2,"2017-12-16","2018-01-31",4559,576020.96586,26.5933641280983,896312,0.359612525626234,1.29077106420268,1.43829612073643,TRUE,4.04166666666667,510.65688462766,18.311034550469,2313.56433596337,"Non breeder"
"176",70164,"2017","Migration max","CROZ","Middle-age","F",2,"2018-06-01","2018-08-15",4471,738351.882504,54.4054426839633,866738,0.376346708789197,1.63075920480877,1.51484949393939,TRUE,2.45120614035088,404.798181197368,18.570317673853,3066.74771039737,"Non breeder"
"177",70164,"2017","Outgoing migration","CROZ","Middle-age","F",2,"2018-04-15","2018-05-31",812,147441.50637,25.7257704926108,231619,0.370991223033251,1.2436431955665,1.39587945288462,TRUE,0.719858156028369,130.710555292553,12.6207262789322,2291.64888429706,"Non breeder"
"178",70164,"2017","Incubation","CROZ","Middle-age","F",2,"2017-11-01","2017-12-15",4389,515001.269556,30.2038108293461,778031,0.354985890265573,1.33477657302347,1.38266851421053,TRUE,4.06388888888889,476.853027366667,20.3081882341449,2382.94434335084,"Non breeder"
"179",70164,"2017","Moult","CROZ","Middle-age","F",2,"2018-02-01","2018-04-14",4314,496995.859356,24.9516572693556,676158,0.368362013137923,1.52494568013445,1.51129330892019,TRUE,2.46232876712329,283.673435705479,22.9685960973619,2646.10504302486,"Non breeder"
"180",70164,"2017","Returning migration","CROZ","Middle-age","F",2,"2018-08-16","2018-10-31",9404,1492661.849948,54.6875267088473,1730169,0.360985652390121,1.5721109878456,1.43487687366864,TRUE,5.08874458874459,807.717451270563,19.5671058723165,3105.81374409829,"Non breeder"
"181",70164,"2018","Migration max","CROZ","Middle-age","F",3,"2019-06-01","2019-08-15",8924,1325240.2878,56.769365538996,1623673,0.397717538118803,1.69259096339086,1.83218502366589,TRUE,4.89254385964912,726.557175328947,19.7862500638983,2938.31641967317,"Successful breeder"
"182",70164,"2018","Outgoing migration","CROZ","Middle-age","F",3,"2019-04-15","2019-05-31",1411,253552.411942,27.9345868603827,396856,0.368570274826364,1.38115471041814,1.47176052512821,TRUE,1.2508865248227,224.78050704078,12.7996048944705,2300.05010127401,"Successful breeder"
"183",70164,"2018","Moult","CROZ","Middle-age","F",3,"2019-02-01","2019-04-14",3518,394315.458768,23.9520512222854,482442,0.360854342347072,1.58419045659466,1.58334448504854,TRUE,2.00799086757991,225.065901123288,26.2514457696469,2942.39649857351,"Successful breeder"
"184",70164,"2018","Returning migration","CROZ","Middle-age","F",3,"2019-08-16","2019-10-31",8890,1500599.87023,50.9099118706412,1914621,0.343274062407334,1.49287148214623,1.39661548707483,TRUE,4.81060606060606,812.012916791126,16.7155797413692,2821.52944777478,"Successful breeder"
"185",70164,"2018","Chick rearing","CROZ","Middle-age","F",3,"2018-12-17","2019-01-31",6918,1472699.34554,67.94600660451,1712886,0.291552226280717,1.6819708343741,1.32179208621795,TRUE,6.13297872340426,1305.58452618794,14.5396716418956,3095.19585304801,"Successful breeder"
"186",70164,"2018","Incubation","CROZ","Middle-age","F",3,"2018-11-01","2018-12-14",8002,840741.258322,37.8167573469133,1001938,0.384193955384404,1.53761463854036,1.67281571418803,TRUE,7.40925925925926,778.464128075926,28.7514796324723,3020.814192055,"Successful breeder"
"187",70213,"2017","Migration max","CROZ","Young","M",2,"2018-06-03","2018-08-15",601,101636.765162,38.9529961064892,171071,0.374667074310649,1.07802682712146,0.6160349,TRUE,0.329495614035088,55.7219107247807,12.6473803274664,2138.83331823161,"Non breeder"
"188",70213,"2017","Chick rearing","CROZ","Young","M",2,"2018-01-06","2018-01-31",2300,340060.194712,45.3602223521739,450722,0.319183137787826,1.3420711973913,1.54528576393443,TRUE,2.03900709219858,301.471803822695,18.3705255124001,2716.12368813415,"Non breeder"
"189",70213,"2017","Moult","CROZ","Young","M",2,"2018-02-01","2018-04-14",4015,484664.357624,35.0074670909091,659604,0.344901441239701,1.39749779374844,1.49069404655738,TRUE,2.29166666666667,276.634907319635,21.9131478887332,2645.21089539542,"Non breeder"
"190",70213,"2017","Outgoing migration","CROZ","Young","M",2,"2018-04-15","2018-05-31",444,72431.744814,19.7812803603604,131086,0.366422031315541,1.07057913153153,1.29405718659794,TRUE,0.393617021276596,64.2125397287234,12.1935218101094,1989.18482012114,"Non breeder"
"191",70213,"2017","Returning migration","CROZ","Young","M",2,"2018-08-16","2018-10-31",5039,720551.721904,37.5853970529867,1240366,0.391160466126593,1.23346376304822,1.36132910305677,TRUE,2.7267316017316,389.908940424242,14.625038093595,2091.30708101834,"Non breeder"
"192",70213,"2018","Chick rearing","CROZ","Young","M",3,"2018-12-16","2019-01-31",5175,939225.397216,73.5188810782609,1150217,0.29400442973913,1.39445778013527,1.31510679305556,TRUE,4.58776595744681,832.646628737589,16.196943707144,2939.62915691352,"Successful breeder"
"193",70213,"2018","Incubation","CROZ","Young","M",3,"2018-11-01","2018-12-15",3046,391520.565226,35.6965885751806,688575,0.344202899961261,1.08855504983585,1.33518904090909,TRUE,2.82037037037037,362.519041875926,15.9250626293432,2046.94337554166,"Successful breeder"
"194",70213,"2018","Returning migration","CROZ","Young","M",3,"2019-08-16","2019-10-31",9194,1175388.465546,48.3704660572112,1701302,0.398716702293996,1.33156047695236,1.32372460888889,TRUE,4.97510822510823,636.032719451299,19.4547470114066,2487.15306040056,"Successful breeder"
"195",70213,"2018","Migration max","CROZ","Young","M",3,"2019-06-01","2019-08-15",3641,483258.703204,48.9525337572096,756558,0.400904374334551,1.16665463378193,1.52739335625,TRUE,1.99616228070175,264.944464475877,17.3253075111227,2299.53464444815,"Successful breeder"
"196",70213,"2018","Outgoing migration","CROZ","Young","M",3,"2019-04-15","2019-05-28",2538,330364.027512,43.2646826359338,477235,0.373953725362333,1.32409529964539,1.5288659825,TRUE,2.25,292.875910914894,19.1452848177523,2492.08565809968,"Successful breeder"
"197",70213,"2018","Moult","CROZ","Young","M",3,"2019-02-01","2019-04-14",2768,469351.853112,43.7767035693642,778017,0.340047449007587,1.35962125498555,1.41982155442478,TRUE,1.57990867579909,267.894893328767,12.807946355928,2171.76060574923,"Successful breeder"
"198",70676,"2016","Returning migration","CROZ","Young","F",1,"2017-08-16","2017-10-31",11980,1360849.481088,42.9591767921536,1851614,0.423999038587412,1.5304065775793,1.57257932226776,TRUE,6.48268398268398,736.390411844156,23.2921116388189,2645.8312217972,"Failed breeder"
"199",70676,"2016","Outgoing migration","CROZ","Young","F",1,"2017-04-15","2017-05-31",830,241110.700506,31.0694419277108,357423,0.378142551060241,1.40055151493976,1.34647785705521,TRUE,0.735815602836879,213.750621015957,8.35984253951201,2428.49095279711,"Failed breeder"
"200",70676,"2016","Moult","CROZ","Young","F",1,"2017-02-01","2017-04-14",6258,618812.510538,27.5845728619367,950182,0.389765257299089,1.4383811980505,1.51766007516779,TRUE,3.57191780821918,353.20348775,23.7099839820161,2344.52456259622,"Failed breeder"
"201",70676,"2016","Migration max","CROZ","Young","F",1,"2017-06-01","2017-08-15",2631,475883.416708,52.4259689775751,638910,0.391991662746256,1.40817967483846,1.34231282794118,TRUE,1.44243421052632,260.900996002193,14.8246231863643,2681.41099708691,"Failed breeder"
"202",70676,"2018","Migration max","CROZ","Young","F",3,"2019-06-01","2019-08-15",621,310178.338114,23.4436085346216,414885,0.432012181513688,1.11428629452496,1.24906478837209,TRUE,0.340460526315789,170.053913439693,5.38848114537763,2691.44947927835,"Failed breeder"
"203",70676,"2018","Incubation","CROZ","Young","F",3,"2018-11-16","2018-12-15",2695,337964.341396,34.9748867087199,493218,0.345749249394063,1.41868629046382,1.51878056367521,TRUE,2.49537037037037,312.929945737037,19.6708149337615,2466.80297358491,"Failed breeder"
"204",70676,"2018","Moult","CROZ","Young","F",3,"2019-02-01","2019-04-14",4488,518895.367474,29.9479966532977,688511,0.363623534743538,1.51262508460339,1.54124278642534,TRUE,2.56164383561644,296.173154950913,23.46629175133,2713.13504491054,"Failed breeder"
"205",70676,"2018","Chick rearing","CROZ","Young","F",3,"2018-12-16","2019-01-31",4702,519164.756914,30.2018534325819,859330,0.348736769542748,1.37134549047214,1.51227144735294,TRUE,4.16843971631206,460.252444072695,19.6981369206242,2174.94225139399,"Failed breeder"
"206",70676,"2018","Outgoing migration","CROZ","Young","F",3,"2019-04-15","2019-05-31",1222,258132.072942,23.2851977168576,346828,0.393488692635025,1.47324509271686,1.49522893258929,TRUE,1.08333333333333,228.840490196809,12.6840970163885,2679.35536517006,"Failed breeder"
"207",70676,"2018","Returning migration","CROZ","Young","F",3,"2019-08-16","2019-10-31",10212,1300768.816938,37.7759702017235,1872560,0.412420857318841,1.40229720349589,1.27553045307263,TRUE,5.52597402597403,703.879229944805,19.6325885418892,2500.73041236425,"Failed breeder"
"208",71053,"2016","Returning migration","CROZ","Young","M",1,"2017-08-16","2017-10-31",3213,494137.522148,37.6139530625584,945872,0.340369607404949,1.08687722922502,1.4092190109589,TRUE,1.73863636363636,267.390434062771,12.2287159361943,1880.69324362366,"Failed breeder"
"209",71053,"2016","Moult","CROZ","Young","M",1,"2017-02-01","2017-04-14",3896,551706.092006,33.4259414912731,816950,0.309718918355493,1.22337961478439,1.47125348978102,TRUE,2.22374429223744,314.900737446347,17.1682477507803,2431.16706190293,"Failed breeder"
"210",71053,"2016","Outgoing migration","CROZ","Young","M",1,"2017-04-15","2017-05-31",480,118372.247764,25.9825899375,209417,0.328386649452917,1.28947536458333,1.40034291666667,TRUE,0.425531914893617,104.939935960993,8.25147910628077,2034.88776914195,"Failed breeder"
"211",71053,"2016","Migration max","CROZ","Young","M",1,"2017-06-01","2017-08-15",2931,491731.909532,64.4306575537359,658921,0.304537674922306,1.28436541412828,1.1948390754717,TRUE,1.60690789473684,269.589862682018,16.0134522954952,2686.5661806426,"Failed breeder"
"212",71053,"2017","Migration max","CROZ","Young","M",2,"2018-06-01","2018-08-15",2508,356120.363796,43.9207545574163,530959,0.342102256545175,1.24248734385965,1.42884621590909,TRUE,1.375,195.241427519737,17.0047028113282,2414.56178286007,"Non breeder"
"213",71053,"2017","Chick rearing","CROZ","Young","M",2,"2018-01-11","2018-01-31",1194,220409.360972,35.0451412311558,354524,0.318498522653266,1.25624425678392,1.31827196989247,TRUE,1.05851063829787,195.398369656028,12.1244259909061,2238.13817823109,"Non breeder"
"214",71053,"2017","Moult","CROZ","Young","M",2,"2018-02-01","2018-04-14",2394,382011.956908,24.1815572096909,558791,0.344501338736842,1.34908469715957,1.40484789126214,TRUE,1.36643835616438,218.043354399543,15.4232977982824,2461.10450037456,"Non breeder"
"215",71053,"2017","Incubation","CROZ","Young","M",2,"2017-11-01","2017-12-15",3766,501476.023858,29.282248212958,766710,0.335933828096415,1.31314904001593,1.43143071498258,TRUE,3.48703703703704,464.32965172037,17.6828266228431,2354.62389415659,"Non breeder"
"216",71053,"2017","Outgoing migration","CROZ","Young","M",2,"2018-04-15","2018-05-31",384,83696.278184,25.2826115885417,127262,0.361410602356771,1.29379258515625,1.48341358676471,TRUE,0.340425531914894,74.198828177305,10.8626298502302,2367.60856706951,"Non breeder"
"217",71053,"2017","Returning migration","CROZ","Young","M",2,"2018-08-16","2018-10-26",4545,726910.32284,38.2008312387239,1249754,0.346375484128053,1.14965370231023,1.43901927945946,TRUE,2.45941558441558,393.349741796537,13.0921765403431,2093.91381201741,"Non breeder"
"218",71053,"2018","Returning migration","CROZ","Young","M",3,"2019-08-16","2019-10-31",7139,1299050.593156,43.7935788667881,1891278,0.355692843940566,1.28101415495167,1.26453581690141,TRUE,3.86309523809524,702.949455170996,13.588906548905,2472.71005920949,"Failed breeder"
"219",71053,"2018","Outgoing migration","CROZ","Young","M",3,"2019-04-15","2019-05-31",877,177537.321204,27.9837622234892,278497,0.356880317058153,1.2789178036488,1.40773636527778,TRUE,0.777482269503546,157.391242202128,11.336567359792,2294.94161996144,"Failed breeder"
"220",71053,"2018","Moult","CROZ","Young","M",3,"2019-02-01","2019-04-14",1031,277977.556048,21.388218128031,394414,0.330985450608632,1.33859583239573,1.4802838192623,TRUE,0.588470319634703,158.662988611872,9.41041646594695,2537.23042734994,"Failed breeder"
"221",71053,"2018","Incubation","CROZ","Young","M",3,"2018-11-13","2018-12-08",5148,619512.953478,40.0392827583528,778343,0.318003318336674,1.33153071274281,1.40611397598253,TRUE,4.76666666666667,573.623105072222,23.8105822240323,2865.37764522942,"Failed breeder"
"222",71053,"2018","Migration max","CROZ","Young","M",3,"2019-06-05","2019-08-15",4573,969547.992884,77.8780019352723,1061565,0.291794095895386,1.37267262385742,1.66801498245614,TRUE,2.50712719298246,531.550434695175,15.5080470814317,3287.95012494044,"Failed breeder"
"223",71053,"2018","Chick rearing","CROZ","Young","M",3,"2018-12-23","2019-01-31",2580,336293.140338,24.7081454457364,589886,0.341677597797171,1.25506492065891,1.43998589735849,TRUE,2.28723404255319,298.132216611702,15.7454152158214,2052.35470110632,"Failed breeder"
"224",71475,"2016","Returning migration","CROZ","Young","M",1,"2017-08-16","2017-10-31",6097,901276.182612,48.4375329293095,1507968,0.392874745008627,1.29959394721994,1.30287905851064,TRUE,3.29924242424242,487.703562019481,14.5554812834225,2151.63336185065,"Failed breeder"
"225",71475,"2016","Moult","CROZ","Young","M",1,"2017-02-01","2017-04-14",4483,518949.318444,34.6799878652688,771259,0.375436404291167,1.40699860263217,1.51717624099379,TRUE,2.5587899543379,296.203948883562,20.9252663502144,2422.29594260605,"Failed breeder"
"226",71475,"2016","Outgoing migration","CROZ","Young","M",1,"2017-04-15","2017-05-31",744,135413.118018,22.4613876747312,285866,0.387271673366801,1.19581050349462,1.34445535730337,TRUE,0.659574468085106,120.047090441489,9.3694248354124,1705.29977284742,"Failed breeder"
"227",71475,"2016","Migration max","CROZ","Young","M",1,"2017-06-01","2017-08-15",6333,1089557.165726,68.6358310847939,1551308,0.385145412504674,1.43400207483025,1.60304252156863,TRUE,3.47203947368421,597.344937349781,14.6965012750531,2528.45069877394,"Failed breeder"
"228",71475,"2017","Migration max","CROZ","Young","M",2,"2018-06-01","2018-08-15",7812,868501.49031,44.8852238824885,1151976,0.424898974130261,1.48456967233743,1.53639981335616,TRUE,4.28289473684211,476.152132845395,24.4130086043459,2714.12370146253,"Non breeder"
"229",71475,"2017","Moult","CROZ","Young","M",2,"2018-02-01","2018-04-14",5520,684296.261004,33.6258832101449,833348,0.360902819927174,1.4785668065954,1.49687742518797,TRUE,3.15068493150685,390.580057650685,23.8459803107465,2956.10782003965,"Non breeder"
"230",71475,"2017","Chick rearing","CROZ","Young","M",2,"2018-01-05","2018-01-31",3894,427295.267874,32.455076684643,669467,0.380864609473292,1.28857870552131,1.51617778086957,TRUE,3.45212765957447,378.807861590426,20.9396430294548,2297.74277798069,"Non breeder"
"231",71475,"2017","Outgoing migration","CROZ","Young","M",2,"2018-04-15","2018-05-31",2875,331719.71351,29.2181816556522,435031,0.413139562748522,1.55210263366957,1.53256095510204,TRUE,2.54875886524823,294.077760203901,23.7914079686275,2745.07096881831,"Non breeder"
"232",71475,"2017","Incubation","CROZ","Young","M",2,"2017-11-01","2017-12-14",5371,664769.512092,34.9163036231614,980566,0.349129787463415,1.45065837339415,1.57446149466667,TRUE,4.97314814814815,615.527326011111,19.7188154596427,2440.6008810536,"Non breeder"
"233",71475,"2017","Returning migration","CROZ","Young","M",2,"2018-08-16","2018-10-31",7528,1038623.410982,31.2042886636557,1678048,0.410534818315223,1.30246562526567,1.46215718476954,TRUE,4.07359307359307,562.02565529329,16.1501935582296,2228.2105634256,"Non breeder"
"234",71475,"2018","Outgoing migration","CROZ","Young","M",3,"2019-04-15","2019-05-28",294,210278.421114,19.1806874489796,193274,0.427952941496599,1.49576465918367,1.44360931473684,TRUE,0.26063829787234,186.417039994681,5.47616337427693,3916.73125205874,"Successful breeder"
"235",71475,"2018","Returning migration","CROZ","Young","M",3,"2019-08-16","2019-10-31",12200,1879741.170326,58.2141460483607,2510904,0.408280073842,1.40863263031148,1.35225032482759,TRUE,6.6017316017316,1017.17595796861,17.4917081656646,2695.07245723994,"Successful breeder"
"236",71475,"2018","Moult","CROZ","Young","M",3,"2019-02-01","2019-04-14",3877,530143.94952,25.4695686535981,611470,0.366820787245809,1.51305613427908,1.49791463740458,TRUE,2.212899543379,302.593578493151,22.8256496639246,3121.19681795019,"Successful breeder"
"237",71475,"2018","Migration max","CROZ","Young","M",3,"2019-06-04","2019-08-15",6055,862767.452062,57.1503321535921,1145747,0.422000321205863,1.41867081753922,1.43000306319444,TRUE,3.31962719298246,473.008471525219,19.0251425489222,2710.86271875309,"Successful breeder"
"238",71475,"2018","Chick rearing","CROZ","Young","M",3,"2018-12-16","2019-01-31",6605,1060924.862948,57.3031547887964,1442374,0.356697544620439,1.4489834209084,1.42913418450704,TRUE,5.85549645390071,940.53622601773,16.4853221147913,2647.94672298086,"Successful breeder"
"239",71475,"2018","Incubation","CROZ","Young","M",3,"2018-11-03","2018-12-14",3923,415589.421366,39.45354315065,536543,0.364323534299771,1.50599258687229,1.59029488352273,TRUE,3.63240740740741,384.805019783333,26.3218418654236,2788.44736939556,"Successful breeder"
